,Is_Highlight,Gallery_Number,Title,Department,Culture,Artist_Display_Name,Medium
34,TRUE,706,The Adams Vase,The American Wing,American,Paulding Farnham|Tiffany & Co.,"Gold, amethysts, spessartites, tourmalines, fresh water pearls, quartzes, rock crystal, and enamel"
179,TRUE,713,Armchair,The American Wing,American,Gustave Herter,Walnut
201,TRUE,713,Armchair,The American Wing,American,Pottier and Stymus Manufacturing Company,"Rosewood, prickly juniper veneer"
241,TRUE,700,Autumn Landscape,The American Wing,American,Tiffany Studios|Agnes F. Northrop,Leaded Favrile glass
317,TRUE,750,Basket,The American Wing,American,Myer Myers,Silver
402,TRUE,751,Bench,The American Wing,"American, Shaker",United Society of Believers in Christ’s Second Appearing (“Shakers”),Pine
569,TRUE,704,Bottle,The American Wing,American,Wistarburgh Glassworks,Free-blown glass
611,TRUE,749,Basin,The American Wing,Mexican,Master Potter A,Tin-glazed earthenware
733,TRUE,750,Two-handled Bowl,The American Wing,American,Cornelius Kierstede,Silver
870,TRUE,706,Covered jar,The American Wing,American,Marie Zimmermann,"Silver, gold,  jade, crystal, and rubies"
951,TRUE,706,The Bryant Vase,The American Wing,American,James Horton Whitehouse|Tiffany & Co.|Eugene J. Soligny|Augustus Saint-Gaudens,Silver and gold
999,TRUE,743,Cabinet,The American Wing,American,Daniel Pabst,"Walnut, maple, white pine, glass"
1000,TRUE,774,Cabinet,The American Wing,American,Alexander Roux,"Rosewood, tulipwood, cherry, poplar, pine"
1393,TRUE,704,Celery vase,The American Wing,American,Boston & Sandwich Glass Company,Pressed glass
1414,TRUE,706,Century Vase,The American Wing,American,Karl L. H. Müller|Union Porcelain Works,Porcelain
1526,TRUE,719,Side Chair,The American Wing,American,Hercules Courtenay|Benjamin Randolph,"Mahogany, northern white cedar"
1538,TRUE,723,Side Chair,The American Wing,American,Samuel McIntire,"Mahogany, ebony, ash, birch, white pine"
1668,TRUE,733,Side Chair,The American Wing,American,John Finlay|Hugh Finlay,"Maple, painted and gilded, cane"
1824,TRUE,704,Inkstand,The American Wing,American,William Crolius,Stoneware
1840,TRUE,708,Chest,The American Wing,American,William Searle|Thomas Dennis,"White oak, red oak"
1842,TRUE,743,Chest,The American Wing,American,Gustav Stickley,"Oak, cedar, and wrought iron"
1863,TRUE,717,Chest of drawers,The American Wing,American,John Townsend,"Mahogany, tulip poplar, pine, chestnut"
1896,TRUE,750,Chocolate Pot,The American Wing,American,Edward Winslow,Silver
2037,TRUE,706,Compote,The American Wing,American,Long Island Flint Glass Works of Christian Dorflinger,"Blown, cut, and engraved glass"
2209,TRUE,704,Covered goblet,The American Wing,American,New Bremen Glass Manufactory|John Frederick Amelung,Blown and engraved glass
2946,TRUE,733,Secretary-bookcase,The American Wing,American,Robert Fisher,"Ebonized mahogany, mahogany, mahogany veneer, gilding, bronzing, stamped brass ornaments, and glass (secondary woods: pine, poplar, cherry)
"
3323,TRUE,714,Étagère,The American Wing,American,Alexander Roux,"Rosewood, chestnut, poplar, bird's-eye maple"
3344,TRUE,706,Ewer and Plateau,The American Wing,American,Spaulding and Company|Gorham Manufacturing Company,Silver
4173,TRUE,508,Jar,The American Wing,American,Thomas W. Commeraw|David Morgan,Stoneware
4376,TRUE,743,Lamp,The American Wing,American,Tiffany Studios|Louis Comfort Tiffany,Leaded Favrile glass and bronze
4441,TRUE,743,Library Table,The American Wing,American,Herter Brothers,"Rosewood, brass, mother-of-pearl, and abalone"
4565,TRUE,706,The Magnolia Vase,The American Wing,American,Tiffany & Co.,"Silver, gold, enamel, and opals"
4859,TRUE,743,Apple Blossoms,The American Wing,American,Charles Caryl Coleman,Oil on canvas
5207,TRUE,743,Peonies Blown in the Wind,The American Wing,American,John La Farge,Leaded opalescent glass
5252,TRUE,726,Pier table,The American Wing,American,Joseph B. Barry and Son,"Mahogany, mahogany veneer, satinwood,
amboyna, pine, gilt bronze with yellow poplar"
5794,TRUE,704,Plate,The American Wing,American,Heinrich Roth,Earthenware; Redware with sgraffito decoration
6235,TRUE,704,Pocket bottle,The American Wing,American,American Flint Glass Manufactory|Henry William Stiegel,Blown pattern-molded glass
6334,TRUE,731,Presentation Vase,The American Wing,American,Thomas Fletcher|Sidney Gardiner,Silver
6335,TRUE,731,Presentation Vase,The American Wing,American,Sidney Gardiner|Thomas Fletcher,Silver
6445,TRUE,717,Corner chair,The American Wing,American,Joseph Armitt,Walnut
6750,TRUE,705,Sauceboat,The American Wing,American,Anthony Rasch,Silver
7107,TRUE,715,Sofa,The American Wing,American,J. H. Belter & Co.|John Henry Belter,Rosewood
7116,TRUE,728,Sofa,The American Wing,American,Duncan Phyfe,"Mahogany, tulip poplar, cane, gilded brass"
7124,TRUE,738,Couch,The American Wing,American,Duncan Phyfe & Sons|Duncan Phyfe,"Mahogany, mahogany veneer, pine, ash, modern upholstery"
7382,TRUE,745,Living Room from the Francis W. Little House: Windows and paneling,The American Wing,American,Frank Lloyd Wright,"Oak, leaded glass"
7383,TRUE,704,Jubal and Miriam,The American Wing,American,William Jay Bolton|John Bolton,"Stained glass window; vitreous glass paint, enamel paint, silver stain"
7384,TRUE,701,"Staircase from Chicago Stock Exchange Building, Chicago",The American Wing,American,Louis Henry Sullivan|Dankmar Adler,"Cast iron, electroplate copper finish, mahogany railing"
7706,TRUE,750,Tankard,The American Wing,American,Gerrit Onckelbag,Silver
7731,TRUE,704,Tankard,The American Wing,American,John Will,Pewter
7773,TRUE,750,Tea Urn,The American Wing,American,Paul Revere Jr.,"Silver, ivory"
8667,TRUE,743,Vase,The American Wing,American,John Bennett,Painted and glazed earthenware
8817,TRUE,706,Vase,The American Wing,American,Louis Comfort Tiffany|Tiffany Glass and Decorating Company,Favrile glass
8924,TRUE,706,Viking Punch Bowl,The American Wing,American,Tiffany & Co.|Paulding Farnham,"Iron, silver, gold, and streaked ebony"
8946,TRUE,700,Garden Landscape,The American Wing,American,Louis Comfort Tiffany|Tiffany Studios,Favrile-glass mosaic
9015,TRUE,743,Wardrobe,The American Wing,American,Herter Brothers,Cherry
9265,TRUE,706,Wine urn,The American Wing,American,Boston & Sandwich Glass Company,Pressed glass
9324,TRUE,766,"""King Lear,"" Act I, Scene I",The American Wing,American,Edwin Austin Abbey,Oil on canvas
9336,TRUE,768,Repose,The American Wing,American,John White Alexander,Oil on canvas
9351,TRUE,762,The Way They Live,The American Wing,American,Thomas Anshutz,Oil on canvas
9386,TRUE,768,Ernesta (Child with Nurse),The American Wing,American,Cecilia Beaux,Oil on canvas
9412,TRUE,760,"The Rocky Mountains, Lander's Peak",The American Wing,American,Albert Bierstadt,Oil on canvas
9417,TRUE,758,Fur Traders Descending the Missouri,The American Wing,American,George Caleb Bingham,Oil on canvas
9429,TRUE,774,Mrs. David Chesebrough,The American Wing,American,Joseph Blackburn,Oil on canvas
9440,TRUE,766,The Ameya,The American Wing,American,Robert Frederick Blum,Oil on canvas
9459,TRUE,760,An Arctic Summer: Boring Through the Pack in Melville Bay,The American Wing,American,William Bradford,Oil on canvas
9593,TRUE,762,Little Ida,The American Wing,American,Charles Calverley,Marble
9618,TRUE,824,The Cup of Tea,The American Wing,American,Mary Cassatt,Oil on canvas
9620,TRUE,768,Lady at the Tea Table,The American Wing,American,Mary Cassatt,Oil on canvas
9622,TRUE,768,Lydia Crocheting in the Garden at Marly,The American Wing,American,Mary Cassatt,Oil on canvas
9652,TRUE,768,Young Mother Sewing,The American Wing,American,Mary Cassatt,Oil on canvas
9690,TRUE,769,At the Seaside,The American Wing,American,William Merritt Chase,Oil on canvas
9695,TRUE,771,James Abbott McNeill Whistler,The American Wing,American,William Merritt Chase,Oil on canvas
9707,TRUE,760,Heart of the Andes,The American Wing,American,Frederic Edwin Church,Oil on canvas
9708,TRUE,760,The Parthenon,The American Wing,American,Frederic Edwin Church,Oil on canvas
9723,TRUE,759,"View from Mount Holyoke, Northampton, Massachusetts, after a Thunderstorm—The Oxbow",The American Wing,American,Thomas Cole,Oil on canvas
9725,TRUE,759,The Titan's Goblet,The American Wing,American,Thomas Cole,Oil on canvas
9727,TRUE,759,View on the Catskill—Early Autumn,The American Wing,American,Thomas Cole,Oil on canvas
9747,TRUE,748,Daniel Crommelin Verplanck,The American Wing,American,John Singleton Copley,Oil on canvas
9752,TRUE,748,Midshipman Augustus Brine,The American Wing,American,John Singleton Copley,Oil on canvas
9756,TRUE,748,Mrs. John Winthrop,The American Wing,American,John Singleton Copley,Oil on canvas
9779,TRUE,753,Watson and the Shark,The American Wing,American,John Singleton Copley,Oil on canvas
9782,TRUE,764,Augustus Saint-Gaudens,The American Wing,American,Kenyon Cox,Oil on canvas
9797,TRUE,758,Genius of Mirth,The American Wing,American,Thomas Crawford,Marble
9809,TRUE,760,The Valley of Wyoming,The American Wing,American,Jasper Francis Cropsey,Oil on canvas
9930,TRUE,766,The Letter,The American Wing,American,Thomas Wilmer Dewing,Oil on canvas
9965,TRUE,759,The Beeches,The American Wing,American,Asher Brown Durand,Oil on canvas
9990,TRUE,764,The Artist's Wife and His Setter Dog,The American Wing,American,Thomas Eakins,Oil on canvas
9992,TRUE,764,The Chess Players,The American Wing,American,Thomas Eakins,Oil on wood
9998,TRUE,764,The Champion Single Sculls (Max Schmitt in a Single Scull),The American Wing,American,Thomas Eakins,Oil on canvas
10006,TRUE,771,The Thinker: Portrait of Louis N. Kenton,The American Wing,American,Thomas Eakins,Oil on canvas
10009,TRUE,755,Elijah Boardman,The American Wing,American,Ralph Earl,Oil on canvas
10079,TRUE,700,The Angel of Death and the Sculptor from the Milmore Memorial,The American Wing,American,Daniel Chester French,Marble
10082,TRUE,700,Mourning Victory from the Melvin Memorial,The American Wing,American,Daniel Chester French,Marble
10083,TRUE,774,Ralph Waldo Emerson,The American Wing,American,Daniel Chester French,Bronze
10109,TRUE,761,A Gorge in the Mountains (Kauterskill Clove),The American Wing,American,Sanford Robinson Gifford,Oil on canvas
10156,TRUE,763,Still Life—Violin and Music,The American Wing,American,William Michael Harnett,Oil on canvas
10191,TRUE,751,Molly Wales Fobes,The American Wing,American,Rufus Hathaway,Oil on canvas
10196,TRUE,761,Approaching Thunder Storm,The American Wing,American,Martin Johnson Heade,Oil on canvas
10201,TRUE,756,Euphemia White Van Rensselaer,The American Wing,American,George P. A. Healy,Oil on canvas
10213,TRUE,759,The Falls of Niagara,The American Wing,American,Edward Hicks,Oil on canvas
10221,TRUE,761,A Study of Trap Rock (Buttermilk Falls),The American Wing,American,John Henry Hill,Oil on canvas
10249,TRUE,762,Dressing for the Carnival,The American Wing,American,Winslow Homer,Oil on canvas
10255,TRUE,767,The Gulf Stream,The American Wing,American,Winslow Homer,Oil on canvas
10263,TRUE,767,Northeaster,The American Wing,American,Winslow Homer,Oil on canvas
10266,TRUE,762,Prisoners from the Front,The American Wing,American,Winslow Homer,Oil on canvas
10278,TRUE,762,The Veteran in a New Field,The American Wing,American,Winslow Homer,Oil on canvas
10285,TRUE,758,Daphne,The American Wing,American,Harriet Goodhue Hosmer,Marble
10287,TRUE,762,The Last Moments of John Brown,The American Wing,American,Thomas Hovenden,Oil on canvas
10331,TRUE,774,The Flower Girl,The American Wing,American,Charles Cromwell Ingham,Oil on canvas
10350,TRUE,761,Autumn Oaks,The American Wing,American,George Inness,Oil on canvas
10357,TRUE,770,"Spring Blossoms, Montclair, New Jersey",The American Wing,American,George Inness,Oil and crayon or charcoal on canvas
10384,TRUE,763,The Hatch Family,The American Wing,American,Eastman Johnson,Oil on canvas
10390,TRUE,751,Edward and Sarah Rutter,The American Wing,American,Joshua Johnson,Oil on canvas
10423,TRUE,761,"Eaton's Neck, Long Island",The American Wing,American,John Frederick Kensett,Oil on canvas
10427,TRUE,761,Lake George,The American Wing,American,John Frederick Kensett,Oil on canvas
10441,TRUE,761,Sunset on the Sea,The American Wing,American,John Frederick Kensett,Oil on canvas
10485,TRUE,761,Stage Fort across Gloucester Harbor,The American Wing,American,Fitz Henry Lane (formerly Fitz Hugh Lane),Oil on canvas
10502,TRUE,760,Washington Crossing the Delaware,The American Wing,American,Emanuel Leutze,Oil on canvas
10527,TRUE,770,Victory,The American Wing,American,Evelyn Beatrice Longman,Bronze
10541,TRUE,700,Bacchante and Infant Faun,The American Wing,American,Frederick William MacMonnies,Bronze
10559,TRUE,700,The Sun Vow,The American Wing,American,Hermon Atkins MacNeil,Bronze
10643,TRUE,756,Susan Walker Morse (The Muse),The American Wing,American,Samuel F. B. Morse,Oil on canvas
10656,TRUE,758,Cider Making,The American Wing,American,William Sidney Mount,Oil on canvas
10723,TRUE,753,George Washington,The American Wing,American,Charles Willson Peale,Oil on canvas
10750,TRUE,756,Still Life: Balsam Apple and Vegetables,The American Wing,American,James Peale,Oil on canvas
10753,TRUE,756,Still Life with Cake,The American Wing,American,Raphaelle Peale,Oil on wood
10779,TRUE,751,Mrs. Mayer and Daughter,The American Wing,American,Ammi Phillips,Oil on canvas
10805,TRUE,760,California,The American Wing,American,Hiram Powers,Marble
10807,TRUE,760,George Washington,The American Wing,American,Hiram Powers,Marble
10810,TRUE,747,The American School,The American Wing,American,Matthew Pratt,Oil on canvas
10817,TRUE,772,Central Park,The American Wing,American,Maurice Brazil Prendergast ,Oil on canvas
10832,TRUE,765,Buffalo,The American Wing,American,Alexander Phimister Proctor,Bronze
10836,TRUE,758,Leatherstocking's Rescue,The American Wing,American,John Quidor,Oil on canvas
10856,TRUE,765,The Broncho Buster,The American Wing,American,Frederic Remington,Bronze
10862,TRUE,765,The Mountain Man,The American Wing,American,Frederic Remington,Bronze
10943,TRUE,700,"Nydia, the Blind Flower Girl of Pompeii",The American Wing,American,Randolph Rogers,Marble
10970,TRUE,766,The Toilers of the Sea,The American Wing,American,Albert Pinkham Ryder,Oil on wood
10987,TRUE,769,Diana,The American Wing,American,Augustus Saint-Gaudens,Bronze
10992,TRUE,700,Hiawatha,The American Wing,American,Augustus Saint-Gaudens,Marble
11000,TRUE,764,Mrs. Schuyler Van Rensselaer (Mariana Griswold),The American Wing,American,Augustus Saint-Gaudens,Bronze
11007,TRUE,771,Victory,The American Wing,American,Augustus Saint-Gaudens,"Bronze, gilt"
11040,TRUE,770,Bringing Down Marble from the Quarries to Carrara,The American Wing,American,John Singer Sargent,Oil on canvas
11115,TRUE,771,Madame X (Madame Pierre Gautreau),The American Wing,American,John Singer Sargent,Oil on canvas
11128,TRUE,771,Mr. and Mrs. I. N. Phelps Stokes,The American Wing,American,John Singer Sargent,Oil on canvas
11465,TRUE,771,"The Wyndham Sisters: Lady Elcho, Mrs. Adeane, and Mrs. Tennant",The American Wing,American,John Singer Sargent,Oil on canvas
11534,TRUE,700,Frog Fountain,The American Wing,American,Janet Scudder,Bronze
11586,TRUE,747,Francis Brinley,The American Wing,American,John Smibert,Oil on canvas
11588,TRUE,747,Mrs. Francis Brinley and Her Son Francis,The American Wing,American,John Smibert,Oil on canvas
11634,TRUE,700,Cleopatra,The American Wing,American,William Wetmore Story,Marble
11653,TRUE,755,Josef de Jaudenes y Nebot,The American Wing,American,Gilbert Stuart,Oil on canvas
11657,TRUE,755,Matilda Stoughton de Jaudenes,The American Wing,American,Gilbert Stuart,Oil on canvas
11793,TRUE,753,George Washington and William Lee,The American Wing,American,John Trumbull,Oil on canvas
11799,TRUE,753,The Sortie Made by the Garrison of Gibraltar,The American Wing,American,John Trumbull,Oil on canvas
11813,TRUE,770,Arques-la-Bataille,The American Wing,American,John Henry Twachtman,Oil on canvas
11990,TRUE,735,Panoramic View of the Palace and Gardens of Versailles,The American Wing,American,John Vanderlyn,Oil on canvas
12003,TRUE,766,Lair of the Sea Serpent,The American Wing,American,Elihu Vedder,Oil on canvas
12008,TRUE,774,The Pleiades,The American Wing,American,Elihu Vedder,Oil on canvas
12021,TRUE,768,A Young Mother,The American Wing,American,Bessie Potter Vonnoh,Bronze
12053,TRUE,763,Interior View of the Metropolitan Museum of Art when in Fourteenth Street,The American Wing,American,Frank Waller,Oil on canvas
12057,TRUE,521,The Freedman,The American Wing,American,John Quincy Adams Ward,Bronze
12060,TRUE,761,The Indian Hunter,The American Wing,American,John Quincy Adams Ward,Bronze
12092,TRUE,766,The Rajah Starting on a Hunt,The American Wing,American,Edwin Lord Weeks,Oil on canvas.
12105,TRUE,770,The Red Bridge,The American Wing,American,Julian Alden Weir,Oil on canvas
12128,TRUE,771,Arrangement in Flesh Colour and Black: Portrait of Theodore Duret,The American Wing,American,James McNeill Whistler,Oil on canvas
12138,TRUE,766,"Cremorne Gardens, No. 2",The American Wing,American,James McNeill Whistler,Oil on canvas
12212,TRUE,761,The Trout Pool,The American Wing,American,Worthington Whittredge,Oil on canvas
12237,TRUE,762,A Bit of War History: The Veteran,The American Wing,American,Thomas Waterman Wood,Oil on canvas
12238,TRUE,762,A Bit of War History: The Contraband,The American Wing,American,Thomas Waterman Wood,Oil on canvas
12239,TRUE,762,A Bit of War History: The Recruit,The American Wing,American,Thomas Waterman Wood,Oil on canvas
12321,TRUE,774,Armchair,The American Wing,American,A. H. Davenport|Francis H. Bacon,"Mahogany, tooled and painted leather"
12593,TRUE,774,Lilacs in a Window (Vase de Lilas a la Fenetre),The American Wing,American,Mary Cassatt,Oil on canvas
13041,TRUE,704,Candlestick,The American Wing,American,Adrian Bancker,Silver
13042,TRUE,704,Candlestick,The American Wing,American,Adrian Bancker,Silver
13112,TRUE,743,Library Table,The American Wing,American,William Lightfoot Price|Rose Valley Shops,"White oak, stained"
13158,TRUE,743,Linen Press,The American Wing,American,Byrdcliffe Arts and Crafts Colony,"Oak, tulip poplar, brass"
13201,TRUE,743,Screen,The American Wing,American,Lockwood de Forest|Ahmedabad Wood Carving Company,"Teak, plaited matting, mixed metals"
13288,TRUE,763,The Contest for the Bouquet: The Family of Robert Gordon in Their New York Dining-Room,The American Wing,American,Seymour Joseph Guy,Oil on canvas
13304,TRUE,774,Settee,The American Wing,American,George Jakob Hunzinger,"Ebonized cherry, fabric-covered steel mesh"
13310,TRUE,705,Pitcher,The American Wing,American,American Pottery Manufacturing Company,Earthenware
13742,TRUE,769,"Celia Thaxter's Garden, Isles of Shoals, Maine",The American Wing,American,Childe Hassam,Oil on canvas
13743,TRUE,768,A Rose,The American Wing,American,Thomas Anshutz,Oil on canvas
13783,TRUE,704,Decanter,The American Wing,American,"Bakewell, Page & Bakewell",Blown and cut glass; clay cameo
13796,TRUE,713,Side Chair,The American Wing,American,Alexander Jackson Davis|Burns and Brother,Black walnut; replacement underupholstery and showcover
14192,TRUE,728,Card table,The American Wing,American,Charles-Honoré Lannuier,"Mahogany veneer, white pine, yellow poplar, gilded gesso, vert antique, and gilded brass"
14196,TRUE,980,"Quilt, Tumbling Blocks with Signatures pattern",The American Wing,American,Adeline Harris Sears,Silk
14871,TRUE,771,Mrs. Hugh Hammersley,The American Wing,American,John Singer Sargent,Oil on canvas
15191,TRUE,755,George Washington,The American Wing,American,Gilbert Stuart,Oil on canvas
15276,TRUE,706,Cameo,The American Wing,American,George W. Jamison|William Rose,"Helmet-conch shell, gold, and enamel"
15284,TRUE,756,Michael Angelo and Emma Clara Peale,The American Wing,American,Rembrandt Peale,Oil on canvas
15351,TRUE,743,Four Seasons,The American Wing,American,Louis Comfort Tiffany|Tiffany Glass and Decorating Company|Agnes F. Northrop,"Watercolor, gouache, graphite, and red earth chalk pencil on on white wove paper formerly overmatted with original warm grey window matt"
15394,TRUE,706,Brooch,The American Wing,American,Tiffany & Co.,"Gold, pearls, black enamel, and hair"
15489,TRUE,766,Flight Into Egypt,The American Wing,American,Henry Ossawa Tanner,Oil on canvas
15493,TRUE,750,Wine cup,The American Wing,American,John Hull|Robert Sanderson Sr.,Silver
15612,TRUE,748,Eagle,The American Wing,American,William Rush,"Carved wood (probably Eastern white pine), gessoed and gilded, and cast iron, painted"
16090,TRUE,759,Landscape with Cows Watering in a Stream,The American Wing,American,Robert S. Duncanson,Oil on canvas
16109,TRUE,751,Lake George and the Village of Caldwell,The American Wing,American,Thomas Chambers,Oil on canvas
16221,TRUE,744,Box,The American Wing,American,Marie Zimmermann,"Wood, ivory, patinated silver, nickel-plated brass, steel, amethyst, and semi-precious quartz"
16227,TRUE,706,Vase,The American Wing,American,Ott and Brewer,Porcelain
16270,TRUE,700,Reaching Jaguar,The American Wing,American,Anna Hyatt Huntington,Bronze
16325,TRUE,772,"Central Park, Winter",The American Wing,American,William James Glackens,Oil on canvas
16366,TRUE,772,Dutch Girl in White,The American Wing,American,Robert Henri,Oil on canvas
16407,TRUE,751,"The Monongahela River Valley, Pennsylvania",The American Wing,American,John Kane,Oil on canvas
16442,TRUE,706,Necklace,The American Wing,American,Frank Gardner Hale,"18kt yellow gold, silver, peridots, amethysts, tourmalines, sapphires, and pearls."
16481,TRUE,726,Pier Table,The American Wing,American,Charles-Honoré Lannuier,"Mahogany, mahogany veneer, pine, tulip poplar, maple, marble, gilded brass, die-stamped brass, plate glass"
16625,TRUE,707,Vase,The American Wing,American,Maija Grotell,Stoneware
16772,TRUE,763,Story of Golden Locks,The American Wing,American,Seymour Joseph Guy,Oil on canvas
16778,TRUE,707,Teapot,The American Wing,American,George E. Ohr,Earthenware
16968,TRUE,765,End of the Trail,The American Wing,American,James Earle Fraser,Bronze
16993,TRUE,742,Side chair,The American Wing,American,George A. Schastey & Co.|George A. Schastey,"Satinwood, purpleheart, brass castors, reproduction upholstery"
17012,TRUE,747,Portrait of William Duguid,The American Wing,American,Prince Demah Barnes,Oil on canvas
17087,TRUE,706,Brooch,The American Wing,American,Marie Zimmermann,"Gold, black opal, shattuckite, green tourmalines, emeralds, sapphires, rubies, and enamel"
17137,TRUE,751,The Thomas Hunt and the America,The American Wing,American,James Bard,Oil on canvas
17147,TRUE,706,Vase,The American Wing,American,Tiffany & Co.,"Silver, silver-gilt, freshwater baroque pearls, amazonite, opals."
17148,TRUE,758,Preparing for Christmas (Plucking Turkeys),The American Wing,American,Francis William Edmonds,Oil on canvas
17154,TRUE,706,Vase,The American Wing,American,Herbert Taylor|Arthur J. Stone,silver and gold
17155,TRUE,706,Vase,The American Wing,American,Herbert Taylor|Arthur J. Stone,silver and gold
17159,TRUE,758,Young Husband: First Marketing,The American Wing,American,Lilly Martin Spencer,Oil on canvas
17162,TRUE,762,Abraham Lincoln: The Man (Standing Lincoln),The American Wing,American,Augustus Saint-Gaudens,Bronze
17164,TRUE,706,Necklace,The American Wing,American,Dreicer & Co.,"Diamonds, natural pearls, and platinum"
17171,TRUE,743,Box,The American Wing,American,Lucia Kleinhans Mathews|The Furniture Shop,Painted wood
17175,TRUE,726,Vase,The American Wing,American,Tucker Factory,"Porcelain, brass"
17200,TRUE,706,Pitcher,The American Wing,American,Gorham Manufacturing Company,Silver
30466,TRUE,210,清   龔賢   自題 山水十六開   冊|Landscapes with poems,Asian Art,China,Gong Xian,Fifteen leaves from an album (1980.516.2a–c and 1981.4.1a–o) of eighteen leaves
100335,TRUE,507,Bedroom from the Sagredo Palace,European Sculpture and Decorative Arts,"Italian, Venice",Carpoforo Mazzetti Tencalla|Abbondio Stazio,"Wood, stucco, marble, glass"
102384,TRUE,505,Stove,European Sculpture and Decorative Arts,"Swiss, Winterthur",Tobias Stimmer|Christoph Murer|David II Pfau|Hans Heinrich III Pfau,Faience (tin-glazed earthenware)
102880,TRUE,800,Adam,European Sculpture and Decorative Arts,"French, Paris",Auguste Rodin,Bronze
102916,TRUE,800,Honoré de Balzac,European Sculpture and Decorative Arts,French,Auguste Rodin,Terracotta
103733,TRUE,604,Madonna and Child with Angels,European Sculpture and Decorative Arts,"Italian, Florence",Antonio Rossellino,Marble with gilt details on halo and dress
103744,TRUE,552,The Intoxication of Wine,European Sculpture and Decorative Arts,"French, Paris",Clodion (Claude Michel),Terracotta
104209,TRUE,502,The Deluge,European Sculpture and Decorative Arts,"French, Lorraine, Metz",Valentin Bousch,"Glass, painted and stained"
105279,TRUE,503,Ewer (Brocca),European Sculpture and Decorative Arts,"Italian, Florence",Medici Porcelain Manufactory,Soft-paste porcelain decorated in underglaze blue
105449,TRUE,524,Drop-front secretary (Secrétaire en armoire),European Sculpture and Decorative Arts,"French, Paris",Jean Henri Riesener,"Oak veneered with ebony and 17th-century Japanese lacquer; interiors veneered with tulipwood, amaranth, holly, and ebonized holly; gilt-bronze mounts; marble top; velvet (not original)"
105962,TRUE,509,Display dish with Charles II (1630–1685) in a tree,European Sculpture and Decorative Arts,"British, Staffordshire",Thomas Toft,Slip-decorated earthenware
106174,TRUE,516,The Backgammon Players,European Sculpture and Decorative Arts,British,"Philip Webb|Sir Edward Burne-Jones|Morris, Marshall, Faulkner & Co.","Painted pine, oil paint on leather, brass, copper"
106189,TRUE,553,Coin cabinet,European Sculpture and Decorative Arts,"French, Paris",Martin-Guillaume Biennais|Charles Percier|François-Honoré-Georges Jacob-Desmalter|baron Dominique Vivant Denon,"Mahogany (probably Swietenia mahagoni), applied and inlaid silver"
107104,TRUE,815,The Little Fourteen-Year-Old Dancer,European Sculpture and Decorative Arts,"French, Paris",Edgar Degas|A. A. Hébrard,"Partially tinted bronze, cotton tarlatan, silk satin, and wood"
107553,TRUE,515,Dining room from Lansdowne House,European Sculpture and Decorative Arts,British,Joseph Rose|John Gilbert|John Devall & Co.|Robert Adam,"Wood, plaster, stone"
109065,TRUE,501,Studiolo from the Ducal Palace in Gubbio,European Sculpture and Decorative Arts,"Italian, Gubbio",Giuliano da Maiano|Francesco di Giorgio Martini|Francesco di Giorgio Martini|Benedetto da Maiano,"Walnut, beech, rosewood, oak and fruitwoods in walnut base"
109215,TRUE,553,Rolltop desk,European Sculpture and Decorative Arts,"German, Neuwied am Rhein",David Roentgen|Januarius Zick|Thomas Chippendale,"Oak, cherry, pine, mahogany, veneered with maple, burl woods, holly, hornbeam (all partially stained), tulipwood, mahogany, and other woods; mother-of-pearl; partially gilded and tooled leather; gilt bronze, iron, steel, brass, partially gold-lacquered brass"
109870,TRUE,552,Model for a Proposed Monument to Commemorate the Invention of the Balloon,European Sculpture and Decorative Arts,"French, Paris",Clodion (Claude Michel),Terracotta
110109,TRUE,535,The Holy Family with Saints Anne and Joachim,European Sculpture and Decorative Arts,"Spanish, Granada",Diego de Pesquera,"Wood, painted and gilt"
110138,TRUE,531,Seasons and Elements (Air) (set of four),European Sculpture and Decorative Arts,"French, Paris","Charles Le Brun|Jean Lemoyen le Lorrain|Convent of Saint Joseph-de-la-Providence, Paris|Marquise de Montespan","Canvas; silk, wool, and metal-thread embroidery in tent stitch (316 stitches per sq. inch, 49 stitches per sq. cm.)"
111074,TRUE,552,Sabine Houdon (1787–1836),European Sculpture and Decorative Arts,"French, Paris",Jean Antoine Houdon,White marble on gray marble socle
112021,TRUE,544,Platter,European Sculpture and Decorative Arts,"French, Paris",Bernard Palissy,Lead-glazed earthenware
112270,TRUE,614,"Madame de Wailly, née Adélaïde-Flore Belleville (1765–1838)",European Sculpture and Decorative Arts,"French, Paris",Augustin Pajou,Bust: marble; base: grey marble
112478,TRUE,503,The Farnese Table,European Sculpture and Decorative Arts,"Italian, Rome",Jacopo [Giacomo] Barozzi da Vignola|Guglielmo della Porta|Giovanni Mynardo (Jean Ménard),"Marble of different colors, semiprecious stones, Egyptian alabaster, residue of paint of different colors on the piers"
112502,TRUE,524,Armchair (Fauteuil à la reine) (one of a pair) (part of a set),European Sculpture and Decorative Arts,"French, Paris",Joseph-François-Xavier Baudoin|Georges Jacob,Carved and gilded walnut; embroidered silk satin
112553,TRUE,529,Potpourri vase (pot-pourri gondole),European Sculpture and Decorative Arts,"French, Sèvres",Jean-Claude Duplessis|Sèvres Manufactory|Charles Nicolas Dodin,"Soft-paste porcelain decorated in polychrome enamels, gold"
112981,TRUE,535,Saint John the Baptist,European Sculpture and Decorative Arts,"Spanish, Seville",Juan Martínez Montañés,Polychromed wood with gilding
113249,TRUE,512,Medal cabinet,European Sculpture and Decorative Arts,British,John Cobb|William Vile,Mahogany with carved and applied decoration
114573,TRUE,553,Plate,European Sculpture and Decorative Arts,"Russian, St. Petersburg","Imperial Porcelain Manufactory, St. Petersburg",Hard-paste porcelain
114764,TRUE,548,Perseus with the Head of Medusa,European Sculpture and Decorative Arts,"Italian, Rome",Antonio Canova|Count Jan and Countess Valeria Tarnowski,Marble
114810,TRUE,548,La Crainte des Traits de l'Amour,European Sculpture and Decorative Arts,"French, Paris",Jean-Louis Lemoyne,Marble
114818,TRUE,548,Ugolino and His Sons,European Sculpture and Decorative Arts,"French, Paris",Jean-Baptiste Carpeaux,Saint-Béat marble
114896,TRUE,512,"Teakettle, lamp, and table",European Sculpture and Decorative Arts,"British, London",Simon Pantin I,"Silver, wood"
115219,TRUE,529,Bottle cooler from the Louis XV service (seau à bouteille),European Sculpture and Decorative Arts,"French, Vincennes",Vincennes Manufactory|Jean-Claude Duplessis,"Soft-paste porcelain decorated in polychrome enamels, gold"
115313,TRUE,503,Wall fountain,European Sculpture and Decorative Arts,"Italian, Florence",Simone Mosca,Grey sandstone (pietra serena)
115464,TRUE,525,Writing table (bureau plat),European Sculpture and Decorative Arts,"French, Paris",Gilles Joubert,"Lacquered oak, gilt-bronze mounts, lined with modern leather"
115892,TRUE,533,Harlequina,European Sculpture and Decorative Arts,"German, Nymphenburg",Franz Anton Bustelli|Nymphenburg Porcelain Manufactory,Hard-paste porcelain
116175,TRUE,534,Bacchanal: A Faun Teased by Children,European Sculpture and Decorative Arts,"Italian, Rome",Gian Lorenzo Bernini|Pietro Bernini,Marble
116270,TRUE,529,Drop-front desk (secrétaire à abattant or secrétaire en cabinet),European Sculpture and Decorative Arts,"French, Paris and Sèvres",Martin Carlin|Edme François Bouillat père|Sèvres Manufactory,"Oak veneered with tulipwood, amaranth, holly, and sycamore; six Sèvres soft-paste porcelain plaques and two painted tin plaques; gilt-bronze mounts; marble shelves; moiré silk"
116346,TRUE,533,Rosewater ewer,European Sculpture and Decorative Arts,"German, Augsburg",Johann Erhard Heiglen,Silver gilt
116656,TRUE,536,Striding Pan,European Sculpture and Decorative Arts,"Italian, Padua","Andrea Briosco, called Riccio",Bronze
116668,TRUE,539,Mechanical table,European Sculpture and Decorative Arts,French,"Jean-François Oeben|Roger Vandercruse, called Lacroix","Oak veneered with mahogany, kingwood, and tulipwood, with marquetry of mahogany, rosewood, holly, and various other woods; gilt-bronze mounts; imitation Japanese lacquer; replaced silk"
116681,TRUE,539,Commode à vantaux,European Sculpture and Decorative Arts,"German, Neuwied am Rhein",David Roentgen|Januarius Zick|Elie Gervais|Pierre Rémond,"Oak, pine, walnut, mahogany, and cherry veneered with hornbeam (partially stained), tulipwood, walnut, holly and maple (both partially stained), boxwood, mahogany, and other woods; red brocatelle marble; gilt bronze; iron, steel, and brass"
116682,TRUE,542,Commode,European Sculpture and Decorative Arts,French,André Charles Boulle,"Walnut veneered with ebony, marquetry of engraved brass and tortoiseshell, gilt-bronze mounts, verd antique marble"
116724,TRUE,537,Hercules and Achelous,European Sculpture and Decorative Arts,probably Austrian,Master of the Martyrdom of St. Sebastian,Ivory
117073,TRUE,500,Sprite,European Sculpture and Decorative Arts,"Italian, Florence",Donatello,"Bronze, fire-gilt"
117337,TRUE,531,Small desk with folding top (bureau brisé),European Sculpture and Decorative Arts,"French, Paris",Alexandre-Jean Oppenordt|Jean Berain,"Oak, pine, walnut veneered with ebony, rosewood, and marquetry of tortoiseshell and engraved brass; gilt bronze and steel"
117419,TRUE,516,Spoon holder,European Sculpture and Decorative Arts,"British, Birmingham or London",Hukin & Heath|Christopher Dresser,"Silver-plated brass, ebony"
117460,TRUE,556,Cabinet,European Sculpture and Decorative Arts,"French, Paris",Charles-Guillaume Diehl|Emmanuel Frémiet|Jean Brandely,"Oak veneered with cedar, walnut, ebony and ivory; silvered-bronze mounts"
117797,TRUE,550,"Ferdinando de' Medici, Grand Prince of Tuscany",European Sculpture and Decorative Arts,"Italian, Florence",Giovanni Battista Foggini,"Marble, gray marble"
118171,TRUE,551,Cabinet on stand,European Sculpture and Decorative Arts,"Dutch, Amsterdam",Jan van Mekeren,"Oak veneered with rosewood, olivewood, ebony, holly, tulipwood, barberry and other partly green-stained marquetry woods"
118344,TRUE,199,Lion (one of a pair),European Sculpture and Decorative Arts,"German, Meissen",Meissen Manufactory|Johann Gottlieb Kirchner,Hard-paste porcelain
118512,TRUE,544,"Henri d'Albret (1503–55), King of Navarre",European Sculpture and Decorative Arts,"French, Limoges",Léonard Limosin,"Enamel, painted on copper and partly gilded"
118539,TRUE,533,Settee (one of a pair) (part of a set),European Sculpture and Decorative Arts,"German, Würzberg",Johann Michael Bauer,"Carved, painted and gilded linden wood; squab pillow in silk velvet (not original)"
118733,TRUE,514,Tapestry Room from Croome Court,European Sculpture and Decorative Arts,"British, Worcestershire with French, Paris (Gobelins) tapestry",Joseph Rose|François Boucher|Manufacture Nationale des Gobelins|Maurice Jacques|Louis Tessier|John Mayhew|William Ince|Jacques Neilson|Jacques Germain Soufflot|Joseph Wilton|John Wildsmith|Thomas Blockley|Sefferin Alken|Peter Langlois|John Hobcraft|Ince and Mayhew|Robert Adam,"Plaster, pine, mahogany, bronze-gilt, marble, lapis lazuli, steel; wool and silk (22-24 warps per inch, 9-10 per centimeter)"
120267,TRUE,553,Center table,European Sculpture and Decorative Arts,"Russian, Tula","Imperial Armory, Tula (south of Moscow), Russia","Steel, silver, gilt copper, gilt brass, basswood; replaced mirror glass"
120331,TRUE,548,Marsyas,European Sculpture and Decorative Arts,"German, executed Rome or Florence",Balthasar Permoser,Marble on a black marble socle inlaid with light marble panels
137625,TRUE,551,Toilet set in original leather case,European Sculpture and Decorative Arts,"German, Augsburg",Fourteen identified German (Augsburg) goldsmiths and other German artisans; Japanese (Imari) porcelain maker,"Gilt silver, hard-paste porcelain, cut glass, walnut, carved and partially gilt coniferous wood, blind-tooled and partially gilt leather, partially gilt steel and iron, textiles, moiré paper, hog's bristle"
137858,TRUE,556,Monumental vase,European Sculpture and Decorative Arts,"French, Saint-Amand-en-Puisaye",Georges Hoentschel|Emile Grittel,Glazed stoneware
138219,TRUE,536,Rothschild Lamp,European Sculpture and Decorative Arts,"Italian, Padua","Andrea Briosco, called Riccio","Bronze, on a later wood base"
138240,TRUE,616,A Hypocrite and a Slanderer,European Sculpture and Decorative Arts,"Austrian, probably Pressburg (Bratislava)",Franz Xaver Messerschmidt,Tin alloy
138242,TRUE,509,Hunters in a Landscape,European Sculpture and Decorative Arts,"British, probably London","Jost Amman|Anonymous Flemish weavers|Anonymous, 16th century","Wool, silk (14 warps per inch; 5-6 per cm)"
146378,TRUE,153,Marble statue of Eirene (the personification of peace),Greek and Roman Art,Roman,Kephisodotos,"Marble, Pentelic ?"
147107,TRUE,157,Terracotta pyxis (box),Greek and Roman Art,"Greek, Attic",Penthesilea Painter,Terracotta
147154,TRUE,153,Terracotta volute-krater (bowl for mixing wine and water),Greek and Roman Art,"Greek, Attic",Painter of the Woolly Satyrs,Terracotta
148055,TRUE,153,Terracotta Panathenaic prize amphora,Greek and Roman Art,"Greek, Attic",Euphiletos Painter,Terracotta
148057,TRUE,150,Terracotta krater,Greek and Roman Art,"Greek, Attic",Hirschfeld Workshop,Terracotta
149662,TRUE,155,Terracotta neck-amphora (jar) with lid and knob (27.16),Greek and Roman Art,"Greek, Attic",Exekias,Terracotta
150601,TRUE,161,Terracotta calyx-krater (mixing bowl),Greek and Roman Art,"Greek, South Italian, Lucanian",Dolon Painter,Terracotta
150900,TRUE,153,Fragments of a marble statue of the Diadoumenos (youth tying a fillet around his head),Greek and Roman Art,Roman,Polykleitos,Marble
151479,TRUE,155,Terracotta aryballos (oil flask),Greek and Roman Art,"Greek, Attic",Nearchos,Terracotta
151990,TRUE,153,Terracotta bell-krater (bowl for mixing wine and water),Greek and Roman Art,"Greek, Attic",Persephone Painter,Terracotta
152353,TRUE,157,Chalcedony scaraboid,Greek and Roman Art,Greek,Epimenes,Chalcedony
152357,TRUE,154,Terracotta lekythos (oil flask),Greek and Roman Art,"Greek, Attic",Amasis Painter,Terracotta
152358,TRUE,155,Terracotta column-krater (bowl for mixing wine and water),Greek and Roman Art,"Greek, Attic",Lydos,Terracotta
152360,TRUE,159,Terracotta lekythos (oil flask),Greek and Roman Art,"Greek, Attic",Eretria Painter,Terracotta
153615,TRUE,160,Terracotta column-krater (bowl for mixing wine and water),Greek and Roman Art,"Greek, South Italian, Apulian",Group of Boston 00.348,Terracotta
153802,TRUE,154,Terracotta lekythos (oil flask),Greek and Roman Art,"Greek, Attic",Amasis Painter,Terracotta
153853,TRUE,157,Terracotta amphora (jar),Greek and Roman Art,"Greek, Attic",Berlin Painter,Terracotta
153880,TRUE,161,Terracotta situla (bucket),Greek and Roman Art,"Greek, South Italian, Apulian",Lycurgus Painter,Terracotta
154107,TRUE,155,Terracotta amphora (jar),Greek and Roman Art,"Greek, Attic",Andokides|Andokides Painter|Lysippides Painter,Terracotta
154222,TRUE,151,Marble female figure,Greek and Roman Art,Cycladic,Bastis Master,Marble
154858,TRUE,159,Terracotta lekythos (oil flask),Greek and Roman Art,"Greek, Attic",Achilles Painter,Terracotta
154880,TRUE,162,"Statue of Dionysos leaning on a female figure (""Hope Dionysos"")",Greek and Roman Art,Roman,"Pacetti, Vincenzo",Marble
155405,TRUE,152,Terracotta dinos (mixing bowl),Greek and Roman Art,"Greek, Corinthian",Polyteleia Painter,Terracotta
335631,TRUE,684,Alto Recorder in F,Musical Instruments,German,Johann Benedikt Gahn,Ivory
335634,TRUE,684,Soprano Recorder in B,Musical Instruments,Dutch,Thomas Coenraet Boekhout,"Ebony, ivory"
335647,TRUE,681,Ennanga,Musical Instruments,Ganda people,Ganda,"Wood, vegetal fiber, snake skin, hide"
335777,TRUE,680,Natural Trumpet in D,Musical Instruments,German,Andreas Naeplaesnigg,"Brass, colored rock"
335881,TRUE,684,Grand Piano,Musical Instruments,Italian (Florence),Bartolomeo Cristofori,"Cypress, boxwood, paint, leather, fir"
335894,TRUE,681,O-daiko,Musical Instruments,Japanese,Kodenji Hayashi,"Wood, metal, cloisonné, hide, silk, padding"
336452,TRUE,681,Harpsichord,Musical Instruments,Italian (Roman),Michele Todini|Basilio Onofri|Jacob Reiff,"Wood, gilt, ebony, ivory, parchment"
336819,TRUE,684,Tsii' Edo' Ai (fiddle),Musical Instruments,Native American (Apache),Athabascan Family,"Agave flower stalk, wood, paint, horsehair"
337065,TRUE,684,"""The Antonius"" Violin",Musical Instruments,Italian (Cremona),Antonio Stradivari,"Maple, spruce, ebony"
337067,TRUE,681,"""The Francesca"" Violin",Musical Instruments,Italian (Cremona),Antonio Stradivari,"Maple, spruce, ebony, mother of pearl"
337100,TRUE,684,"""The Gould"" Violin",Musical Instruments,Italian (Cremona),Antonio Stradivari,"Maple, spruce, ebony"
337101,TRUE,684,Grand Pianoforte,Musical Instruments,British,Érard|George Henry Blake,"Satinwood veneer, oak, spruce, iron, steel, ebony, ivory, gilding, mother-of-pearl, holly, mahogany, burl walnut, tulipwood, silver wire"
337115,TRUE,684,Kora,Musical Instruments,"Mandinka people, Senegambia",Mamadou Kouyaté (d. 1991)  (bridge by Djimo Kouyaté),"Gourd, goat skin, antelope-hide, ebony, metal, wood"
337155,TRUE,681,Guitar,Musical Instruments,Italian,Giacomo (Jacob) Ertel,"Spruce, ebony, fruitwood, bone, ivory, mother-of-pearl, parchment"
337199,TRUE,681,Chongak Kayagum,Musical Instruments,Korean,Kim Kwang Ju,"Wood, silk, cotton"
337212,TRUE,684,Viola da Gamba,Musical Instruments,British,Richard Meares,"Spruce, ebony, maple"
337257,TRUE,684,Clavichord,Musical Instruments,German,Christian Kintzing,"Wood, ebony, bone, walnut, paint, metal"
337268,TRUE,684,Guitar,Musical Instruments,German,Hermann Hauser,"Spruce, rosewood, mahogany, bone or ivory, ebony"
337269,TRUE,681,Guitar,Musical Instruments,Spanish,Manuel Ramírez|Santos Hernández,"Spruce, rosewood, cedar, ebony, ivory or bone"
337371,TRUE,684,Guitar,Musical Instruments,Italian,Matteo Sellas,"Spruce, bone, parchment, snakewood, ivory"
337419,TRUE,684,Violin,Musical Instruments,German,Joachim Tielke,"Spruce, maple"
337478,TRUE,681,Accordion,Musical Instruments,French,Alexandre Pere & Fils,"Wood, metal, mastic, brass, tortoiseshell, gilt brass, mother-of-pearl, silver foil"
337493,TRUE,684,"ex ""Kurtz"" Violin",Musical Instruments,Italian (Cremona),Andrea Amati,"Spruce, maple, ebony, paint, gilding"
337499,TRUE,684,Guqin (古琴 ),Musical Instruments,Chinese,Prince Lu,"Wood (wutong and zi), silk, jade, lacquer, mother-of-pearl"
337504,TRUE,681,Bassoon,Musical Instruments,French,Dominique Antony Porthaux,"Maple, brass"
337505,TRUE,684,Sitar,Musical Instruments,Indian,Murari Adhikari,"Teak, ebony, metal, bone, various materials"
337506,TRUE,684,Musical Clock with Spinet and Organ,Musical Instruments,German,Veit Langenbucher|Samuel Bidermann,"Ebony, gliding, brass, silver gilt, gilt brass, iron, various wood and metals, wire, parchment and leather"
337521,TRUE,680,Cornet à Pistons in B-flat,Musical Instruments,French,Courtois frères,"Brass, touch pieces of ivory"
337586,TRUE,684,Archlute,Musical Instruments,Italian,David Tecchler,"Spruce, ebony, ivory, tortoiseshell, mother-of-pearl"
337588,TRUE,684,Bassoon,Musical Instruments,Italian,Giosue Esposito,"Maple, nickel-silver"
337639,TRUE,684,Clarinet in B-flat,Musical Instruments,Belgian,Charles Joseph Sax,"Ivory, brass, gold-plated silver"
337640,TRUE,683,Pipe Organ,Musical Instruments,American,Thomas Appleton,"Mahogany veneer, rosewood veneer, pine, gilt, ivory, ebony, maple, walnut, chestnut, metal"
337643,TRUE,684,Oboe in C,Musical Instruments,Dutch,Hendrik Richters,"Ebony, ivory, silver"
337645,TRUE,684,Mandolin,Musical Instruments,American,Angelo Mannello,"Spruce, tortoiseshell, ivory, nickel-silver, metal,"
337648,TRUE,736,Square Piano,Musical Instruments,American,Robert Nunns|John Clark,"Rosewood, mother-of-pearl, tortoiseshell, abalone, felt, metal, paint, gilding"
337673,TRUE,684,Jagdhorn in G,Musical Instruments,German,Jacob Schmidt,Brass
337856,TRUE,684,Guitar,Musical Instruments,French,Jean-Baptiste Voboam,"Spruce, tortoiseshell, mother-of-pearl, ivory, ebony"
337892,TRUE,684,Natural Trumpet,Musical Instruments,German,Johann Wilhelm Haas,Brass
338123,TRUE,684,Cittern,Musical Instruments,German,Joachim Tielke,"Cypress, ivory, ebony, parchment, brass"
338188,TRUE,681,English Horn,Musical Instruments,German,H. Grenser,"Wood, ivory, brass"
338385,TRUE,684,Walking-Stick Flute/Oboe,Musical Instruments,German,Georg Henrich Scherer,"Narwhal (narwhahl) tusk, ivory, gilt brass
"
339340,TRUE,684,Koto (箏),Musical Instruments,Japanese,"Metalwork by Goto Teijo, 9th generation Goto master, Japan|Gotō Yūjō","Various woods, ivory and tortoiseshell inlays, gold and silver inlays, metalwork, cloth, laquer, paper,"
339430,TRUE,684,Portrait of Monsieur Aublet,Musical Instruments,French,Guillaume Voiriot,Oil on canvas
339478,TRUE,684,Viola d'Amore,Musical Instruments,Italian,Giovanni Grancino,"Spruce, maple, ebony, bone, iron"
371079,TRUE,749,The Entombment of Christ,The American Wing,Mexican,Juan Rodríguez Juárez,Oil and gold on copper
372973,TRUE,749,The Virgin of Guadalupe with the Four Apparitions,The American Wing,Mexican,Nicolás Enríquez,Oil on copper
374243,TRUE,706,Hand mirror,The American Wing,American,Eda Lord Dixon,"Silver, ivory, enamel, and glass"
376865,TRUE,746,Woman’s Dress and Accessories,The American Wing,Hunkpapa Lakota (Teton Sioux),Jodi Archambault,"Tanned and commercial leather, glass and metal beads, cotton, silk, dentalium shell, metal cones, horsehair, plastic, bone, brass bells, porcupine quills, coins"
391240,TRUE,774,Decanter with stopper,The American Wing,American,Brooklyn Flint Glass Company|Joseph Stouvenel and Company (1851-1857),Blue-cut-to-clear glass
391630,TRUE,766,Cupid,The American Wing,American,Frederick William MacMonnies,"Ivory, lapis lazuli, marble, bloodstone, bronze, silver alloy, gold, translucent enamels, wood"
391991,TRUE,706,Snake Jug,The American Wing,American,Wallace Kirkpatrick|Anna Pottery|Cornwall Kirkpatrick,Salt-glazed stoneware with cobalt decoration
394751,TRUE,762,Untitled (Cracked Watermelon),The American Wing,American,Charles Ethan Porter,Oil on canvas
400483,TRUE,759,Hiawatha,The American Wing,American,Edmonia Lewis,Marble
400485,TRUE,759,Minnehaha,The American Wing,American,Edmonia Lewis,Marble
404670,TRUE,770,"The Trees, Early Afternoon, France",The American Wing,American,William A. Harper,Oil on canvas
406482,TRUE,706,Crown Milano Covered Ewer,The American Wing,American,Mount Washington Glass Company,"Glass, blown, painted, jeweled, and gilded"
408826,TRUE,751,Figure of a Lion,The American Wing,American,John Bell,Earthenware
409361,TRUE,706,Brooch,The American Wing,American,Marcus and Co.,"Plique-à-jour enamel, conch pearl, diamond, platinum and eighteen karat gold"
411895,TRUE,772,Gray and Brass,The American Wing,American,John Sloan,Oil on canvas
412038,TRUE,753,"Study For Liberty Displaying the Arts and Sciences, or The Genius of America Encouraging the Emancipation of the Blacks",The American Wing,American,Samuel Jennings,Oil on canvas
415022,TRUE,713,Center table,The American Wing,American,Gustave Herter,"Rosewood, rosewood veneer, maple, burled wood, ash (secondary wood), brass, and scagliola"
415036,TRUE,769,Moonlight,The American Wing,American,Edith Mitchill Prellwitz,Oil on panel
418615,TRUE,746,Polacca polychrome water jar,The American Wing,"Hopi-Tewa, Native American",Nampeyo,Clay and pigment
419881,TRUE,749,The Marriage of the Virgin,The American Wing,Mexican,José Sánchez,Oil on canvas
422422,TRUE,774,Dish (Charola),The American Wing,Mexican (Guanajuato),Unknown,"Earthenware, slip-covered, incised and polychrome decorated under a transparent glaze"
423733,TRUE,773,Della Robbia vase with trees,The American Wing,American,Roseville Pottery|Frederick Hurten Rhead,Earthenware
427364,TRUE,743,Plaque with mussel and oyster shells and seaweed,The American Wing,American,Alice Gouvy|Tiffany Studios|Tiffany Glass and Decorating Company,Enamel on copper
429311,TRUE,746,Black-on-Black Jar,The American Wing,"San Ildefonso, Native American",Maria Martínez|Julián Martínez,Clay and slip
434268,TRUE,706,Brooch,The American Wing,American,Paulding Farnham|Tiffany & Co.,"Gold, diamonds, and enamel"
436033,TRUE,762,Storage jar,The American Wing,American,David Drake|Stony Bluff Manufactory,Alkaline-glazed stoneware
436159,TRUE,749,The Virgin of Carmen and the Souls of Purgatory with St. Joseph and the Prophet Elijah,The American Wing,Mexican,Juan Francisco de Aguilera,"Oil and gold on copper; Frame: ebony, tortoise shell, and silver"
438675,TRUE,746,Raven rattle,The American Wing,"Haida, Native American",Albert Edward Edenshaw,"Wood, pigment, glass beads and vegetal fiber"
438863,TRUE,765,A Reconnaissance,The American Wing,American,Frederic Remington,Oil on canvas
443229,TRUE,706,Face Harvest Jug,The American Wing,American,Unidentified Edgefield District potter|unknown Edgefield District Pottery,Alkaline glazed stoneware with kaolin inserts
444239,TRUE,757,Saint Christopher,The American Wing,Bolivia,Melchor Pérez Holguin,Oil on canvas
444241,TRUE,757,Our Lady of Valvanera,The American Wing,Peru (Cuzco),Unknown,Oil and gold on canvas
444245,TRUE,757,"Christ Carrying the Cross, called ""The Lord of the Fall""",The American Wing,Peru (Cuzco),Unknown,Oil and gold on canvas
445132,TRUE,758,Young Wife: First Stew,The American Wing,American,Lilly Martin Spencer,Oil on canvas
447042,TRUE,758,The Wood Sawyer,The American Wing,American,Charles E. Weir,Oil on board
447624,TRUE,749,Chalice,The American Wing,Mexican,Antón Dantés,"Silver, gilt, repoussé, chased, cast, and lathed, with burnished punchwork"
447626,TRUE,757,Missale Romanum (Roman Missal),The American Wing,Peruvian,Unknown,"Silver over wood, repoussé and chased, with burnished punchwork; cast clasps"
447998,TRUE,754,"Father, Mother, and Child in a Park",The American Wing,American,John Christian Rauschner,"colored wax, paint, glass"
453288,TRUE,704,Teapot,The American Wing,American,John Bartlam,Soft-paste porcelain with underglaze blue decoration
461991,TRUE,756,"Hayne Hudjihini, Eagle of Delight",The American Wing,American,Henry Inman,Oil on canvas
462000,TRUE,756,Pes-Ke-Le-Cha-Co,The American Wing,American,Henry Inman,Oil on canvas
462721,TRUE,749,Calvary,The American Wing,Guatemalan,Unknown,"Polychrome wood, gilt silver, glass, hair"
465211,TRUE,717,Eight-Day Tall Case Clock with Musical Movement,The American Wing,American,Eliphalet Chapin|Daniel Burnap|Simeon Loomis,"Cherry, pine, brass, glass"
465558,TRUE,743,Sketchbook,The American Wing,American,Louis Comfort Tiffany,"Graphite, pastel, watercolor, and crayon on paper"
465598,TRUE,706,Vase,The American Wing,American,Tiffany & Co.,"Silver, copper, gold, and silver-copper-zinc alloy"
466218,TRUE,768,Helena de Kay Gilder,The American Wing,American,Cecilia Beaux,Oil on canvas
466457,TRUE,751,Carved chest,The American Wing,American,Robert Laurent,"Black walnut, tulip poplar, plywood, and brass"
467094,TRUE,746,Serape,The American Wing,"Diné/Navajo, Native American",Unidentified,Dyed and undyed wool
467099,TRUE,746,Chief's blanket,The American Wing,"Diné/Navajo, Native American",Unidentified,Dyed and undyed wool
